{"OrderItems":[{"attributes":{"type":"OrderItem","url":"/services/data/v51.0/sobjects/OrderItem/802f2000000OVDRAA4"},"OrderItemNumber":"0000013327","PricebookEntryId":"01u6000000DuIBfAAN","Description":"Copies","Quantity":5.00,"UnitPrice":1.50,"TotalPrice":7.50,"Search_Name__c":"test","Id":"802f2000000OVDRAA4","PricebookEntry":{"attributes":{"type":"PricebookEntry","url":"/services/data/v51.0/sobjects/PricebookEntry/01u6000000DuIBfAAN"},"Name":"Copies","Id":"01u6000000DuIBfAAN"}},{"attributes":{"type":"OrderItem","url":"/services/data/v51.0/sobjects/OrderItem/802f2000000OVDMAA4"},"OrderItemNumber":"0000013325","PricebookEntryId":"01uf200000KOjtjAAD","Description":"Alaska Certified Charter","Quantity":1.00,"UnitPrice":55.00,"TotalPrice":55.00,"Id":"802f2000000OVDMAA4","PricebookEntry":{"attributes":{"type":"PricebookEntry","url":"/services/data/v51.0/sobjects/PricebookEntry/01uf200000KOjtjAAD"},"Name":"AK - Certified Charter","Id":"01uf200000KOjtjAAD"}},{"attributes":{"type":"OrderItem","url":"/services/data/v51.0/sobjects/OrderItem/802f2000000OVDNAA4"},"OrderItemNumber":"0000013326","PricebookEntryId":"01uf200000LBnTRAA1","Description":"AK - Filing","Quantity":1.00,"UnitPrice":75.00,"TotalPrice":75.00,"Id":"802f2000000OVDNAA4","PricebookEntry":{"attributes":{"type":"PricebookEntry","url":"/services/data/v51.0/sobjects/PricebookEntry/01uf200000LBnTRAA1"},"Name":"AK - Filing","Id":"01uf200000LBnTRAA1"}}],"OrderId":"801f2000000NcpGAAS","OrderDetails":{"attributes":{"type":"Order","url":"/services/data/v51.0/sobjects/Order/801f2000000NcpGAAS"},"AccountId":"001f200001yHvRBAA0","BillingStreet":"123 Center Str","BillingCity":"Boko Town","BillingState":"Boko","BillingPostalCode":"999999","Order_Number__c":"2020-5855","LastModifiedDate":"2021-04-14T17:20:11.000+0000","ActivatedDate":"2020-01-13T21:02:49.000+0000","Name":"Test Order copies 3","CreatedById":"00560000001lX8gAAE","Contact__c":"003f200002VQbupAAD","TotalAmount":137.50,"Id":"801f2000000NcpGAAS","RecordTypeId":"012f2000000DyA1AAK","Account":{"attributes":{"type":"Account","url":"/services/data/v51.0/sobjects/Account/001f200001yHvRBAA0"},"Name":"Test Orders Invoices","Id":"001f200001yHvRBAA0","RecordTypeId":"012600000005LsNAAU"}}}
