{"OrderItems":[{"attributes":{"type":"OrderItem","url":"/services/data/v51.0/sobjects/OrderItem/8025x00000BYFEmAAP"},"OrderItemNumber":"0000055446","PricebookEntryId":"01uf200000FBKJaAAP","Description":"BVI - Court Records Search","Quantity":1.00,"UnitPrice":650.00,"TotalPrice":650.00,"Id":"8025x00000BYFEmAAP","PricebookEntry":{"attributes":{"type":"PricebookEntry","url":"/services/data/v51.0/sobjects/PricebookEntry/01uf200000FBKJaAAP"},"Name":"BVI - Court Records Search","Id":"01uf200000FBKJaAAP"}},{"attributes":{"type":"OrderItem","url":"/services/data/v51.0/sobjects/OrderItem/8025x00000BYFEnAAP"},"OrderItemNumber":"0000055447","PricebookEntryId":"01uf200000DoNsXAAV","Description":"CA - County Level Litigation - Superior Court Pending Litigation & Judgments","Quantity":22.00,"UnitPrice":45.00,"TotalPrice":990.00,"Jurisdiction__c":"a0K6000000AgS6VEAV","Search_Name__c":"Company Name LLC\\r\\nOther Company LLC\\r\\nCompany Name LLC\\r\\nOther Company LLC\\r\\nCompany Name LLC\\r\\nOther Company LLC\\r\\nCompany Name LLC\\r\\nOther Company LLC\\r\\nCompany Name LLC\\r\\nOther Company LLC\\r\\nCompany Name LLC\\r\\nOther Company LLC\\r\\nCompany Name LLC\\r\\nOther Company LLC\\r\\nCompany Name LLC\\r\\nOther Company LLC\\r\\nCompany Name LLC\\r\\nOther Company LLC\\r\\nCompany Name LLC\\r\\nOther Company LLC\\r\\nCompany Name LLC\\r\\nOther Company LLC\\r\\nCompany Name LLC\\r\\nOther Company LLC\\r\\nCompany Name LLC\\r\\nOther Company LLC\\r\\nCompany Name LLC\\r\\nOther Company LLC\\r\\nCompany Name LLC\\r\\nOther Company LLC\\r\\nCompany Name LLC\\r\\nOther Company LLC\\r\\nCompany Name LLC\\r\\nOther Company LLC\\r\\nCompany Name LLC\\r\\nOther Company LLC\\r\\nCompany Name LLC\\r\\nOther Company LLC\\r\\nCompany Name LLC\\r\\nOther Company LLC\\r\\nCompany Name LLC\\r\\nOther Company LLC\\r\\nCompany Name LLC\\r\\nOther Company LLC\\r\\nCompany Name LLC\\r\\nOther Company LLC\\r\\nCompany Name LLC\\r\\nOther Company LLC\\r\\nCompany Name LLC\\r\\nOther Company LLC\\r\\nCompany Name LLC\\r\\nOther Company LLC\\r\\nCompany Name LLC","Id":"8025x00000BYFEnAAP","PricebookEntry":{"attributes":{"type":"PricebookEntry","url":"/services/data/v51.0/sobjects/PricebookEntry/01uf200000DoNsXAAV"},"Name":"CA -  County Level Litigation","Id":"01uf200000DoNsXAAV"},"Jurisdiction__r":{"attributes":{"type":"State_Information__c","url":"/services/data/v51.0/sobjects/State_Information__c/a0K6000000AgS6VEAV"},"Name":"Le Flore - OK","Id":"a0K6000000AgS6VEAV","RecordTypeId":"01260000000Q72yAAC"}},{"attributes":{"type":"OrderItem","url":"/services/data/v51.0/sobjects/OrderItem/8025x00000BYFEoAAP"},"OrderItemNumber":"0000055448","PricebookEntryId":"01uf200000H0zrlAAB","Description":"State expedite fee","Quantity":333.00,"UnitPrice":350.00,"TotalPrice":116550.00,"Id":"8025x00000BYFEoAAP","PricebookEntry":{"attributes":{"type":"PricebookEntry","url":"/services/data/v51.0/sobjects/PricebookEntry/01uf200000H0zrlAAB"},"Name":"CA - 24 Hour rush","Id":"01uf200000H0zrlAAB"}},{"attributes":{"type":"OrderItem","url":"/services/data/v51.0/sobjects/OrderItem/8025x00000BYFEpAAP"},"OrderItemNumber":"0000055449","PricebookEntryId":"01uf200000IehnMAAR","Description":"CA - Annual Report Filing","Quantity":23.00,"UnitPrice":85.00,"TotalPrice":1955.00,"Jurisdiction__c":"a0K6000000AgZVwEAN","Id":"8025x00000BYFEpAAP","PricebookEntry":{"attributes":{"type":"PricebookEntry","url":"/services/data/v51.0/sobjects/PricebookEntry/01uf200000IehnMAAR"},"Name":"CA - Annual Report Filing - SOS Filing fee","Id":"01uf200000IehnMAAR"},"Jurisdiction__r":{"attributes":{"type":"State_Information__c","url":"/services/data/v51.0/sobjects/State_Information__c/a0K6000000AgZVwEAN"},"Name":"West Baton Rouge - LA","Id":"a0K6000000AgZVwEAN","RecordTypeId":"01260000000Q72yAAC"}},{"attributes":{"type":"OrderItem","url":"/services/data/v51.0/sobjects/OrderItem/8025x00000BYFEqAAP"},"OrderItemNumber":"0000055450","PricebookEntryId":"01uf200000F4c3WAAR","Description":"disbursement fees","Quantity":22.00,"UnitPrice":85.00,"TotalPrice":1870.00,"Id":"8025x00000BYFEqAAP","PricebookEntry":{"attributes":{"type":"PricebookEntry","url":"/services/data/v51.0/sobjects/PricebookEntry/01uf200000F4c3WAAR"},"Name":"CA - change of Agent fee","Id":"01uf200000F4c3WAAR"}},{"attributes":{"type":"OrderItem","url":"/services/data/v51.0/sobjects/OrderItem/8025x00000BYFErAAP"},"OrderItemNumber":"0000055451","PricebookEntryId":"01uf200000H0zrgAAB","Description":"CA - corporate filing","Quantity":1.00,"UnitPrice":100.00,"TotalPrice":100.00,"Id":"8025x00000BYFErAAP","PricebookEntry":{"attributes":{"type":"PricebookEntry","url":"/services/data/v51.0/sobjects/PricebookEntry/01uf200000H0zrgAAB"},"Name":"CA - Corporate Filing","Id":"01uf200000H0zrgAAB"}},{"attributes":{"type":"OrderItem","url":"/services/data/v51.0/sobjects/OrderItem/8025x00000BYFEsAAP"},"OrderItemNumber":"0000055452","PricebookEntryId":"01uf200000DoNrcAAF","Description":"California Correspondent Fee","Quantity":33.00,"UnitPrice":65.00,"TotalPrice":2145.00,"Jurisdiction__c":"a0K6000000AgSsKEAV","Search_Name__c":"Company Name LLC\\r\\nOther Company LLC\\r\\nCompany Name LLC\\r\\nOther Company LLC\\r\\nCompany Name LLC\\r\\nOther Company LLC\\r\\nCompany Name LLC\\r\\nOther Company LLC\\r\\nCompany Name LLC\\r\\nOther Company LLC\\r\\nCompany Name LLC\\r\\nOther Company LLC\\r\\nCompany Name LLC\\r\\nOther Company LLC\\r\\nCompany Name LLC\\r\\nOther Company LLC\\r\\nCompany Name LLC\\r\\nOther Company LLC","Id":"8025x00000BYFEsAAP","PricebookEntry":{"attributes":{"type":"PricebookEntry","url":"/services/data/v51.0/sobjects/PricebookEntry/01uf200000DoNrcAAF"},"Name":"CA - Correspondent Fee","Id":"01uf200000DoNrcAAF"},"Jurisdiction__r":{"attributes":{"type":"State_Information__c","url":"/services/data/v51.0/sobjects/State_Information__c/a0K6000000AgSsKEAV"},"Name":"Woodford - IL","Id":"a0K6000000AgSsKEAV","RecordTypeId":"01260000000Q72yAAC"}},{"attributes":{"type":"OrderItem","url":"/services/data/v51.0/sobjects/OrderItem/8025x00000BYFEtAAP"},"OrderItemNumber":"0000055453","PricebookEntryId":"01uf200000F4c0SAAR","Description":"CA -  UCC, Fixtures, Liens, Judgments","Quantity":122.00,"UnitPrice":125.00,"TotalPrice":15250.00,"Id":"8025x00000BYFEtAAP","PricebookEntry":{"attributes":{"type":"PricebookEntry","url":"/services/data/v51.0/sobjects/PricebookEntry/01uf200000F4c0SAAR"},"Name":"CA - County Combo Search","Id":"01uf200000F4c0SAAR"}},{"attributes":{"type":"OrderItem","url":"/services/data/v51.0/sobjects/OrderItem/8025x00000BYFEuAAP"},"OrderItemNumber":"0000055454","PricebookEntryId":"01uf200000F4cXhAAJ","Description":"CA -  Owner & Encumbrance","Quantity":14.00,"UnitPrice":375.00,"TotalPrice":5250.00,"Id":"8025x00000BYFEuAAP","PricebookEntry":{"attributes":{"type":"PricebookEntry","url":"/services/data/v51.0/sobjects/PricebookEntry/01uf200000F4cXhAAJ"},"Name":"CA - County- Residential Property Search","Id":"01uf200000F4cXhAAJ"}},{"attributes":{"type":"OrderItem","url":"/services/data/v51.0/sobjects/OrderItem/802f200000AC3p8AAD"},"OrderItemNumber":"0000012791","PricebookEntryId":"01uf200000KOjtjAAD","Description":"Alaska Certified Charter","Quantity":1.00,"UnitPrice":55.00,"TotalPrice":55.00,"Jurisdiction__c":"a0K6000000AA5JREA1","Search_Name__c":"Company Name LLC\\r\\nOther Company LLC\\r\\nCompany Name that is very long but still the same LLC","Id":"802f200000AC3p8AAD","PricebookEntry":{"attributes":{"type":"PricebookEntry","url":"/services/data/v51.0/sobjects/PricebookEntry/01uf200000KOjtjAAD"},"Name":"AK - Certified Charter","Id":"01uf200000KOjtjAAD"},"Jurisdiction__r":{"attributes":{"type":"State_Information__c","url":"/services/data/v51.0/sobjects/State_Information__c/a0K6000000AA5JREA1"},"Name":"Alaska","Id":"a0K6000000AA5JREA1","RecordTypeId":"01260000000Q72tAAC"}},{"attributes":{"type":"OrderItem","url":"/services/data/v51.0/sobjects/OrderItem/802f200000AC3p9AAD"},"OrderItemNumber":"0000012792","PricebookEntryId":"01uf200000LBnTRAA1","Description":"AK - Filing","Quantity":1.00,"UnitPrice":75.00,"TotalPrice":75.00,"Jurisdiction__c":"a0K6000000AgZVwEAN","Search_Name__c":"Company Name LLC\\r\\nOther Company LLC\\r\\nCompany Name LLC\\r\\nOther Company LLC\\r\\nCompany Name LLC\\r\\nOther Company LLC\\r\\nCompany Name LLC\\r\\nOther Company LLC\\r\\nCompany Name LLC\\r\\nOther Company LLC\\r\\nCompany Name LLC\\r\\nOther Company LLC\\r\\nCompany Name LLC","Id":"802f200000AC3p9AAD","PricebookEntry":{"attributes":{"type":"PricebookEntry","url":"/services/data/v51.0/sobjects/PricebookEntry/01uf200000LBnTRAA1"},"Name":"AK - Filing","Id":"01uf200000LBnTRAA1"},"Jurisdiction__r":{"attributes":{"type":"State_Information__c","url":"/services/data/v51.0/sobjects/State_Information__c/a0K6000000AgZVwEAN"},"Name":"West Baton Rouge - LA","Id":"a0K6000000AgZVwEAN","RecordTypeId":"01260000000Q72yAAC"}},{"attributes":{"type":"OrderItem","url":"/services/data/v51.0/sobjects/OrderItem/802f200000AC3pAAAT"},"OrderItemNumber":"0000012793","PricebookEntryId":"01uf200000G8iYsAAJ","Description":"Alaska Good Standing Cert","Quantity":1.00,"UnitPrice":55.00,"TotalPrice":55.00,"Jurisdiction__c":"a0K6000000AgS6VEAV","Id":"802f200000AC3pAAAT","PricebookEntry":{"attributes":{"type":"PricebookEntry","url":"/services/data/v51.0/sobjects/PricebookEntry/01uf200000G8iYsAAJ"},"Name":"AK - Good Standing","Id":"01uf200000G8iYsAAJ"},"Jurisdiction__r":{"attributes":{"type":"State_Information__c","url":"/services/data/v51.0/sobjects/State_Information__c/a0K6000000AgS6VEAV"},"Name":"Le Flore - OK","Id":"a0K6000000AgS6VEAV","RecordTypeId":"01260000000Q72yAAC"}}],"OrderId":"801f2000000kGEqAAM","OrderDetails":{"attributes":{"type":"Order","url":"/services/data/v51.0/sobjects/Order/801f2000000kGEqAAM"},"AccountId":"001f200001yHvRBAA0","BillingStreet":"123 Center Str","BillingCity":"Boko Town","BillingState":"Boko","BillingPostalCode":"999999","BillingCountry":"Boko States","Order_Number__c":"2020-5742","LastModifiedDate":"2021-04-14T16:33:42.000+0000","ActivatedDate":"2021-04-14T16:23:24.000+0000","Name":"Test orders Aaron","CreatedById":"005f200000BP7SfAAL","Contact__c":"003f200002VQbupAAD","TotalAmount":144945.00,"Id":"801f2000000kGEqAAM","RecordTypeId":"012f2000000DyA1AAK","Account":{"attributes":{"type":"Account","url":"/services/data/v51.0/sobjects/Account/001f200001yHvRBAA0"},"Name":"Test Orders Invoices","Id":"001f200001yHvRBAA0","RecordTypeId":"012600000005LsNAAU"}}}
